-- phpMyAdmin SQL Dump
-- version 4.7.7
-- https://www.phpmyadmin.net/
--
-- Хост: 127.0.0.1:3306
-- Время создания: Фев 27 2018 г., 12:27
-- Версия сервера: 5.6.38
-- Версия PHP: 7.2.0

SET SQL_MODE = "NO_AUTO_VALUE_ON_ZERO";
SET AUTOCOMMIT = 0;
START TRANSACTION;
SET time_zone = "+00:00";


/*!40101 SET @OLD_CHARACTER_SET_CLIENT=@@CHARACTER_SET_CLIENT */;
/*!40101 SET @OLD_CHARACTER_SET_RESULTS=@@CHARACTER_SET_RESULTS */;
/*!40101 SET @OLD_COLLATION_CONNECTION=@@COLLATION_CONNECTION */;
/*!40101 SET NAMES utf8mb4 */;

--
-- База данных: `GU`
--

-- --------------------------------------------------------

--
-- Структура таблицы `basket`
--

CREATE TABLE `basket` (
  `id` int(11) NOT NULL,
  `id_product` int(11) NOT NULL,
  `quantity` int(11) NOT NULL,
  `id_user` int(11) NOT NULL
) ENGINE=InnoDB DEFAULT CHARSET=utf8;

--
-- Дамп данных таблицы `basket`
--

INSERT INTO `basket` (`id`, `id_product`, `quantity`, `id_user`) VALUES
(36, 5, 1, 0),
(37, 5, 1, 1),
(38, 11, 4, 1);

-- --------------------------------------------------------

--
-- Структура таблицы `designer`
--

CREATE TABLE `designer` (
  `designer_id` int(11) NOT NULL,
  `designer_name` text NOT NULL
) ENGINE=InnoDB DEFAULT CHARSET=utf8;

--
-- Дамп данных таблицы `designer`
--

INSERT INTO `designer` (`designer_id`, `designer_name`) VALUES
(1, 'Gucci'),
(2, 'Armany'),
(3, 'Pillaty');

-- --------------------------------------------------------

--
-- Структура таблицы `goods`
--

CREATE TABLE `goods` (
  `id_product` int(11) NOT NULL,
  `title` varchar(200) DEFAULT NULL,
  `price` int(11) DEFAULT NULL COMMENT 'Цена в центах',
  `designer` int(11) NOT NULL,
  `id_category` int(11) DEFAULT NULL,
  `status` int(11) DEFAULT NULL,
  `img` varchar(250) NOT NULL,
  `date` timestamp NOT NULL DEFAULT CURRENT_TIMESTAMP,
  `view` int(4) NOT NULL,
  `description` varchar(2048) NOT NULL,
  `short_description` text NOT NULL,
  `ID_UUID` varchar(250) NOT NULL DEFAULT 'SELECT UUID()'
) ENGINE=InnoDB DEFAULT CHARSET=utf8;

--
-- Дамп данных таблицы `goods`
--

INSERT INTO `goods` (`id_product`, `title`, `price`, `designer`, `id_category`, `status`, `img`, `date`, `view`, `description`, `short_description`, `ID_UUID`) VALUES
(1, 'Good 1', 100, 1, 7, 2, 'img/goods/goods1.png', '2017-11-01 18:57:45', 46, 'There are many variations of passages of Lorem Ipsum available, but the majority have suffered alteration in some form, by injected humour, or randomised words which don\'t look even slightly believable. If you are going to use a passage of Lorem Ipsum, you need to be sure there isn\'t anything embarrassing hidden in the middle of text.\r\n            <br><br>\r\n            There are many variations of passages of Lorem Ipsum available, but the majority have suffered alteration in some form, by injected humour, or randomised words which don\'t look even slightly believable. If you are going to use a passage of Lorem Ipsum, you need to be sure there isn\'t anything embarrassing hidden in the middle of text.\r\n            <br>\r\n            - 6.1 oz. 100% preshrunk heavyweight cotton<br>\r\n            - Shoulder-to-shoulder taping<br>\r\n            - Double-needle sleeves and bottom hem\r\n            <br><br>\r\n            It uses a dictionary of over 200 Latin words, combined with a handful of model sentence structures, to generate Lorem Ipsum which looks reasonable', 'Краткое описание', '95be1414-c337-11e7-84ca-00ffc5973b63'),
(2, 'Good 2', 120, 2, 7, 2, 'img/goods/goods2.png', '2017-11-02 18:57:45', 132, 'There are many variations of passages of Lorem Ipsum available, but the majority have suffered alteration in some form, by injected humour, or randomised words which don\'t look even slightly believable. If you are going to use a passage of Lorem Ipsum, you need to be sure there isn\'t anything embarrassing hidden in the middle of text.\r\n            <br><br>\r\n            There are many variations of passages of Lorem Ipsum available, but the majority have suffered alteration in some form, by injected humour, or randomised words which don\'t look even slightly believable. If you are going to use a passage of Lorem Ipsum, you need to be sure there isn\'t anything embarrassing hidden in the middle of text.\r\n            <br>\r\n            - 6.1 oz. 100% preshrunk heavyweight cotton<br>\r\n            - Shoulder-to-shoulder taping<br>\r\n            - Double-needle sleeves and bottom hem\r\n            <br><br>\r\n            It uses a dictionary of over 200 Latin words, combined with a handful of model sentence structures, to generate Lorem Ipsum which looks reasonable', 'краткое описние', '95be16b0-c337-11e7-84ca-00ffc5973b63'),
(3, 'Good 3', 48, 3, 7, 2, 'img/goods/goods3.png', '2017-07-04 18:57:45', 3, 'There are many variations of passages of Lorem Ipsum available, but the majority have suffered alteration in some form, by injected humour, or randomised words which don\'t look even slightly believable. If you are going to use a passage of Lorem Ipsum, you need to be sure there isn\'t anything embarrassing hidden in the middle of text.             <br><br>             There are many variations of passages of Lorem Ipsum available, but the majority have suffered alteration in some form, by injected humour, or randomised words which don\'t look even slightly believable. If you are going to use a passage of Lorem Ipsum, you need to be sure there isn\'t anything embarrassing hidden in the middle of text.             <br>             - 6.1 oz. 100% preshrunk heavyweight cotton<br>             - Shoulder-to-shoulder taping<br>             - Double-needle sleeves and bottom hem             <br><br>             It uses a dictionary of over 200 Latin words, combined with a handful of model sentence structures, to generate Lorem Ipsum which looks reasonable', 'Lorem Ipsum is simply dummy text of the printing and typesetting industry. Lorem Ipsum has been the industry\'s standard dummy text ever since the 1500s, when an unknown printer took a galley of type and scrambled it to make a type specimen book. When an unknown printer took a galley of type.', '95be17f4-c337-11e7-84ca-00ffc5973b63'),
(4, 'Good 4', 100500, 3, 8, 2, 'img/goods/goods4.png', '2017-10-10 18:57:45', 234, 'There are many variations of passages of Lorem Ipsum available, but the majority have suffered alteration in some form, by injected humour, or randomised words which don\'t look even slightly believable. If you are going to use a passage of Lorem Ipsum, you need to be sure there isn\'t anything embarrassing hidden in the middle of text. \r\n\r\nThere are many variations of passages of Lorem Ipsum available, but the majority have suffered alteration in some form, by injected humour, or randomised words which don\'t look even slightly believable. If you are going to use a passage of Lorem Ipsum, you need to be sure there isn\'t anything embarrassing hidden in the middle of text. \r\n- 6.1 oz. 100% preshrunk heavyweight cotton\r\n- Shoulder-to-shoulder taping\r\n- Double-needle sleeves and bottom hem \r\n\r\nIt uses a dictionary of over 200 Latin words, combined with a handful of model sentence structures, to generate Lorem Ipsum which looks reasonable.', 'Lorem Ipsum is simply dummy text of the printing and typesetting industry. Lorem Ipsum has been the industry\'s standard dummy text ever since the 1500s, when an unknown printer took a galley of type and scrambled it to make a type specimen book. When an unknown printer took a galley of type.', '95be192f-c337-11e7-84ca-00ffc5973b63'),
(5, 'Good 5', 2001, 3, 8, 2, 'img/goods/goods5.png', '2017-11-02 18:57:45', 126, 'There are many variations of passages of Lorem Ipsum available, but the majority have suffered alteration in some form, by injected humour, or randomised words which don\'t look even slightly believable. If you are going to use a passage of Lorem Ipsum, you need to be sure there isn\'t anything embarrassing hidden in the middle of text.             <br><br>             There are many variations of passages of Lorem Ipsum available, but the majority have suffered alteration in some form, by injected humour, or randomised words which don\'t look even slightly believable. If you are going to use a passage of Lorem Ipsum, you need to be sure there isn\'t anything embarrassing hidden in the middle of text.             <br>             - 6.1 oz. 100% preshrunk heavyweight cotton<br>             - Shoulder-to-shoulder taping<br>             - Double-needle sleeves and bottom hem             <br><br>             It uses a dictionary of over 200 Latin words, combined with a handful of model sentence structures, to generate Lorem Ipsum which looks reasonable', 'Lorem Ipsum is simply dummy text of the printing and typesetting industry. Lorem Ipsum has been the industry\'s standard dummy text ever since the 1500s, when an unknown printer took a galley of type and scrambled it to make a type specimen book. When an unknown printer took a galley of type.', '95be1a5e-c337-11e7-84ca-00ffc5973b63'),
(6, 'Good 6', 1020, 3, 9, 2, 'img/goods/goods6.png', '2017-11-01 18:57:45', 18, 'There are many variations of passages of Lorem Ipsum available, but the majority have suffered alteration in some form, by injected humour, or randomised words which don\'t look even slightly believable. If you are going to use a passage of Lorem Ipsum, you need to be sure there isn\'t anything embarrassing hidden in the middle of text.             <br><br>             There are many variations of passages of Lorem Ipsum available, but the majority have suffered alteration in some form, by injected humour, or randomised words which don\'t look even slightly believable. If you are going to use a passage of Lorem Ipsum, you need to be sure there isn\'t anything embarrassing hidden in the middle of text.             <br>             - 6.1 oz. 100% preshrunk heavyweight cotton<br>             - Shoulder-to-shoulder taping<br>             - Double-needle sleeves and bottom hem             <br><br>             It uses a dictionary of over 200 Latin words, combined with a handful of model sentence structures, to generate Lorem Ipsum which looks reasonable', 'Lorem Ipsum is simply dummy text of the printing and typesetting industry. Lorem Ipsum has been the industry\'s standard dummy text ever since the 1500s, when an unknown printer took a galley of type and scrambled it to make a type specimen book. When an unknown printer took a galley of type.', '95be1b8d-c337-11e7-84ca-00ffc5973b63'),
(7, 'Good 7', 1020, 1, 9, 2, 'img/goods/goods7.png', '2017-11-01 18:57:45', 18, 'There are many variations of passages of Lorem Ipsum available, but the majority have suffered alteration in some form, by injected humour, or randomised words which don\'t look even slightly believable. If you are going to use a passage of Lorem Ipsum, you need to be sure there isn\'t anything embarrassing hidden in the middle of text.             <br><br>             There are many variations of passages of Lorem Ipsum available, but the majority have suffered alteration in some form, by injected humour, or randomised words which don\'t look even slightly believable. If you are going to use a passage of Lorem Ipsum, you need to be sure there isn\'t anything embarrassing hidden in the middle of text.             <br>             - 6.1 oz. 100% preshrunk heavyweight cotton<br>             - Shoulder-to-shoulder taping<br>             - Double-needle sleeves and bottom hem             <br><br>             It uses a dictionary of over 200 Latin words, combined with a handful of model sentence structures, to generate Lorem Ipsum which looks reasonable', 'Lorem Ipsum is simply dummy text of the printing and typesetting industry. Lorem Ipsum has been the industry\'s standard dummy text ever since the 1500s, when an unknown printer took a galley of type and scrambled it to make a type specimen book. When an unknown printer took a galley of type.', '95be1b8d-c347-11e7-84ca-00ffc5973b63'),
(10, 'Good 8', 999, 1, 9, 2, 'img/goods/goods8.png', '2017-11-01 18:57:45', 18, 'There are many variations of passages of Lorem Ipsum available, but the majority have suffered alteration in some form, by injected humour, or randomised words which don\'t look even slightly believable. If you are going to use a passage of Lorem Ipsum, you need to be sure there isn\'t anything embarrassing hidden in the middle of text.             <br><br>             There are many variations of passages of Lorem Ipsum available, but the majority have suffered alteration in some form, by injected humour, or randomised words which don\'t look even slightly believable. If you are going to use a passage of Lorem Ipsum, you need to be sure there isn\'t anything embarrassing hidden in the middle of text.             <br>             - 6.1 oz. 100% preshrunk heavyweight cotton<br>             - Shoulder-to-shoulder taping<br>             - Double-needle sleeves and bottom hem             <br><br>             It uses a dictionary of over 200 Latin words, combined with a handful of model sentence structures, to generate Lorem Ipsum which looks reasonable', 'Lorem Ipsum is simply dummy text of the printing and typesetting industry. Lorem Ipsum has been the industry\'s standard dummy text ever since the 1500s, when an unknown printer took a galley of type and scrambled it to make a type specimen book. When an unknown printer took a galley of type.', '95be1b7d-c347-11e7-84ca-00ffc5973b63'),
(11, 'Good 9', 2001, 1, 8, 3, 'img/goods/goods5.png', '2017-11-02 18:57:45', 126, 'There are many variations of passages of Lorem Ipsum available, but the majority have suffered alteration in some form, by injected humour, or randomised words which don\'t look even slightly believable. If you are going to use a passage of Lorem Ipsum, you need to be sure there isn\'t anything embarrassing hidden in the middle of text.             <br><br>             There are many variations of passages of Lorem Ipsum available, but the majority have suffered alteration in some form, by injected humour, or randomised words which don\'t look even slightly believable. If you are going to use a passage of Lorem Ipsum, you need to be sure there isn\'t anything embarrassing hidden in the middle of text.             <br>             - 6.1 oz. 100% preshrunk heavyweight cotton<br>             - Shoulder-to-shoulder taping<br>             - Double-needle sleeves and bottom hem             <br><br>             It uses a dictionary of over 200 Latin words, combined with a handful of model sentence structures, to generate Lorem Ipsum which looks reasonable', 'Lorem Ipsum is simply dummy text of the printing and typesetting industry. Lorem Ipsum has been the industry\'s standard dummy text ever since the 1500s, when an unknown printer took a galley of type and scrambled it to make a type specimen book. When an unknown printer took a galley of type.', '95be1a4e-c337-11e7-84ca-00ffc5973b63'),
(12, 'Good 10', 1020, 2, 9, 3, 'img/goods/goods6.png', '2017-11-01 18:57:45', 18, 'There are many variations of passages of Lorem Ipsum available, but the majority have suffered alteration in some form, by injected humour, or randomised words which don\'t look even slightly believable. If you are going to use a passage of Lorem Ipsum, you need to be sure there isn\'t anything embarrassing hidden in the middle of text.             <br><br>             There are many variations of passages of Lorem Ipsum available, but the majority have suffered alteration in some form, by injected humour, or randomised words which don\'t look even slightly believable. If you are going to use a passage of Lorem Ipsum, you need to be sure there isn\'t anything embarrassing hidden in the middle of text.             <br>             - 6.1 oz. 100% preshrunk heavyweight cotton<br>             - Shoulder-to-shoulder taping<br>             - Double-needle sleeves and bottom hem             <br><br>             It uses a dictionary of over 200 Latin words, combined with a handful of model sentence structures, to generate Lorem Ipsum which looks reasonable', 'Lorem Ipsum is simply dummy text of the printing and typesetting industry. Lorem Ipsum has been the industry\'s standard dummy text ever since the 1500s, when an unknown printer took a galley of type and scrambled it to make a type specimen book. When an unknown printer took a galley of type.', '95be1b2d-c337-11e7-84ca-00ffc5973b63'),
(13, 'Good 11', 1020, 2, 9, 3, 'img/goods/goods7.png', '2017-11-01 18:57:45', 18, 'There are many variations of passages of Lorem Ipsum available, but the majority have suffered alteration in some form, by injected humour, or randomised words which don\'t look even slightly believable. If you are going to use a passage of Lorem Ipsum, you need to be sure there isn\'t anything embarrassing hidden in the middle of text.             <br><br>             There are many variations of passages of Lorem Ipsum available, but the majority have suffered alteration in some form, by injected humour, or randomised words which don\'t look even slightly believable. If you are going to use a passage of Lorem Ipsum, you need to be sure there isn\'t anything embarrassing hidden in the middle of text.             <br>             - 6.1 oz. 100% preshrunk heavyweight cotton<br>             - Shoulder-to-shoulder taping<br>             - Double-needle sleeves and bottom hem             <br><br>             It uses a dictionary of over 200 Latin words, combined with a handful of model sentence structures, to generate Lorem Ipsum which looks reasonable', 'Lorem Ipsum is simply dummy text of the printing and typesetting industry. Lorem Ipsum has been the industry\'s standard dummy text ever since the 1500s, when an unknown printer took a galley of type and scrambled it to make a type specimen book. When an unknown printer took a galley of type.', '95bf1b8d-c347-11e7-84ca-00ffc5973b63'),
(14, 'Good 12', 999, 3, 9, 3, 'img/goods/goods8.png', '2017-11-01 18:57:45', 18, 'There are many variations of passages of Lorem Ipsum available, but the majority have suffered alteration in some form, by injected humour, or randomised words which don\'t look even slightly believable. If you are going to use a passage of Lorem Ipsum, you need to be sure there isn\'t anything embarrassing hidden in the middle of text.             <br><br>             There are many variations of passages of Lorem Ipsum available, but the majority have suffered alteration in some form, by injected humour, or randomised words which don\'t look even slightly believable. If you are going to use a passage of Lorem Ipsum, you need to be sure there isn\'t anything embarrassing hidden in the middle of text.             <br>             - 6.1 oz. 100% preshrunk heavyweight cotton<br>             - Shoulder-to-shoulder taping<br>             - Double-needle sleeves and bottom hem             <br><br>             It uses a dictionary of over 200 Latin words, combined with a handful of model sentence structures, to generate Lorem Ipsum which looks reasonable', 'Lorem Ipsum is simply dummy text of the printing and typesetting industry. Lorem Ipsum has been the industry\'s standard dummy text ever since the 1500s, when an unknown printer took a galley of type and scrambled it to make a type specimen book. When an unknown printer took a galley of type.', '95ba1b7d-c347-11e7-84ca-00ffc5973b63'),
(15, 'Good 20', 999, 3, 9, 3, 'img/goods/goods8.png', '2017-11-01 18:57:45', 18, 'There are many variations of passages of Lorem Ipsum available, but the majority have suffered alteration in some form, by injected humour, or randomised words which don\'t look even slightly believable. If you are going to use a passage of Lorem Ipsum, you need to be sure there isn\'t anything embarrassing hidden in the middle of text.             <br><br>             There are many variations of passages of Lorem Ipsum available, but the majority have suffered alteration in some form, by injected humour, or randomised words which don\'t look even slightly believable. If you are going to use a passage of Lorem Ipsum, you need to be sure there isn\'t anything embarrassing hidden in the middle of text.             <br>             - 6.1 oz. 100% preshrunk heavyweight cotton<br>             - Shoulder-to-shoulder taping<br>             - Double-needle sleeves and bottom hem             <br><br>             It uses a dictionary of over 200 Latin words, combined with a handful of model sentence structures, to generate Lorem Ipsum which looks reasonable', 'Lorem Ipsum is simply dummy text of the printing and typesetting industry. Lorem Ipsum has been the industry\'s standard dummy text ever since the 1500s, when an unknown printer took a galley of type and scrambled it to make a type specimen book. When an unknown printer took a galley of type.', '95ba1b7d-c347-11e7-84ca-00ffc5973b63'),
(16, 'Good 23', 1020, 2, 9, 3, 'img/goods/goods6.png', '2017-11-01 18:57:45', 18, 'There are many variations of passages of Lorem Ipsum available, but the majority have suffered alteration in some form, by injected humour, or randomised words which don\'t look even slightly believable. If you are going to use a passage of Lorem Ipsum, you need to be sure there isn\'t anything embarrassing hidden in the middle of text.             <br><br>             There are many variations of passages of Lorem Ipsum available, but the majority have suffered alteration in some form, by injected humour, or randomised words which don\'t look even slightly believable. If you are going to use a passage of Lorem Ipsum, you need to be sure there isn\'t anything embarrassing hidden in the middle of text.             <br>             - 6.1 oz. 100% preshrunk heavyweight cotton<br>             - Shoulder-to-shoulder taping<br>             - Double-needle sleeves and bottom hem             <br><br>             It uses a dictionary of over 200 Latin words, combined with a handful of model sentence structures, to generate Lorem Ipsum which looks reasonable', 'Lorem Ipsum is simply dummy text of the printing and typesetting industry. Lorem Ipsum has been the industry\'s standard dummy text ever since the 1500s, when an unknown printer took a galley of type and scrambled it to make a type specimen book. When an unknown printer took a galley of type.', '95be1b2d-c337-11e7-84ca-00ffc5973b63');

-- --------------------------------------------------------

--
-- Структура таблицы `goods_material`
--

CREATE TABLE `goods_material` (
  `id_product` int(11) NOT NULL,
  `id_material` int(11) NOT NULL
) ENGINE=InnoDB DEFAULT CHARSET=utf8;

--
-- Дамп данных таблицы `goods_material`
--

INSERT INTO `goods_material` (`id_product`, `id_material`) VALUES
(1, 1),
(2, 2),
(3, 1),
(4, 3),
(5, 4),
(6, 1),
(7, 2),
(10, 4),
(11, 1),
(12, 3),
(13, 3),
(14, 1),
(15, 4),
(16, 2);

-- --------------------------------------------------------

--
-- Структура таблицы `materials`
--

CREATE TABLE `materials` (
  `id_material` int(11) NOT NULL,
  `material_name` text NOT NULL
) ENGINE=InnoDB DEFAULT CHARSET=utf8;

--
-- Дамп данных таблицы `materials`
--

INSERT INTO `materials` (`id_material`, `material_name`) VALUES
(1, 'cotton'),
(2, 'silk'),
(3, 'polyester'),
(4, 'leather');

-- --------------------------------------------------------

--
-- Структура таблицы `Users`
--

CREATE TABLE `Users` (
  `id_user` int(11) NOT NULL,
  `login` varchar(50) NOT NULL,
  `name` text NOT NULL,
  `pass` varchar(500) NOT NULL,
  `prim` varchar(500) NOT NULL
) ENGINE=InnoDB DEFAULT CHARSET=utf8;

--
-- Дамп данных таблицы `Users`
--

INSERT INTO `Users` (`id_user`, `login`, `name`, `pass`, `prim`) VALUES
(1, 'user', 'Иван', '$2y$10$mBPas3uNzVeY0AYq4MWu7es7BfLAmI6j4r8fjmkaNRGeupNax69ZO', ''),
(7, 'Igor', 'Игорь', '$2y$10$V3zPnMWjgMNYFg398bqO1eqMcVTKzD1vqiMRRKdbdkCIfeerE9m2q', ''),
(8, 'Vasya', 'Вася', '$2y$10$u0RVPhfxF9Vidj8WBRC3hObF.ksz.3qfcIPvhaVaG0KRaWC81WHtq', ''),
(9, 'Test', 'Test', '$2y$10$Y5LMHkg2LIWjBC8f6sCqhev4emvBBPhUZuGkX7pWRTumlbp5tt0Ea', '');

-- --------------------------------------------------------

--
-- Структура таблицы `users_auth`
--

CREATE TABLE `users_auth` (
  `id_user` int(11) NOT NULL,
  `id_user_session` int(11) NOT NULL,
  `hash_cookie` varchar(500) NOT NULL,
  `date` date NOT NULL,
  `prim` text NOT NULL
) ENGINE=InnoDB DEFAULT CHARSET=utf8;

--
-- Индексы сохранённых таблиц
--

--
-- Индексы таблицы `basket`
--
ALTER TABLE `basket`
  ADD PRIMARY KEY (`id`);

--
-- Индексы таблицы `designer`
--
ALTER TABLE `designer`
  ADD PRIMARY KEY (`designer_id`);

--
-- Индексы таблицы `goods`
--
ALTER TABLE `goods`
  ADD PRIMARY KEY (`id_product`);

--
-- Индексы таблицы `goods_material`
--
ALTER TABLE `goods_material`
  ADD PRIMARY KEY (`id_product`);

--
-- Индексы таблицы `materials`
--
ALTER TABLE `materials`
  ADD PRIMARY KEY (`id_material`);

--
-- Индексы таблицы `Users`
--
ALTER TABLE `Users`
  ADD PRIMARY KEY (`id_user`);

--
-- Индексы таблицы `users_auth`
--
ALTER TABLE `users_auth`
  ADD PRIMARY KEY (`id_user_session`),
  ADD KEY `id_user` (`id_user`);

--
-- AUTO_INCREMENT для сохранённых таблиц
--

--
-- AUTO_INCREMENT для таблицы `basket`
--
ALTER TABLE `basket`
  MODIFY `id` int(11) NOT NULL AUTO_INCREMENT, AUTO_INCREMENT=39;

--
-- AUTO_INCREMENT для таблицы `designer`
--
ALTER TABLE `designer`
  MODIFY `designer_id` int(11) NOT NULL AUTO_INCREMENT, AUTO_INCREMENT=4;

--
-- AUTO_INCREMENT для таблицы `goods`
--
ALTER TABLE `goods`
  MODIFY `id_product` int(11) NOT NULL AUTO_INCREMENT, AUTO_INCREMENT=17;

--
-- AUTO_INCREMENT для таблицы `goods_material`
--
ALTER TABLE `goods_material`
  MODIFY `id_product` int(11) NOT NULL AUTO_INCREMENT, AUTO_INCREMENT=17;

--
-- AUTO_INCREMENT для таблицы `materials`
--
ALTER TABLE `materials`
  MODIFY `id_material` int(11) NOT NULL AUTO_INCREMENT, AUTO_INCREMENT=5;

--
-- AUTO_INCREMENT для таблицы `Users`
--
ALTER TABLE `Users`
  MODIFY `id_user` int(11) NOT NULL AUTO_INCREMENT, AUTO_INCREMENT=10;

--
-- AUTO_INCREMENT для таблицы `users_auth`
--
ALTER TABLE `users_auth`
  MODIFY `id_user_session` int(11) NOT NULL AUTO_INCREMENT;

--
-- Ограничения внешнего ключа сохраненных таблиц
--

--
-- Ограничения внешнего ключа таблицы `users_auth`
--
ALTER TABLE `users_auth`
  ADD CONSTRAINT `users_auth_ibfk_1` FOREIGN KEY (`id_user`) REFERENCES `Users` (`id_user`);
COMMIT;

/*!40101 SET CHARACTER_SET_CLIENT=@OLD_CHARACTER_SET_CLIENT */;
/*!40101 SET CHARACTER_SET_RESULTS=@OLD_CHARACTER_SET_RESULTS */;
/*!40101 SET COLLATION_CONNECTION=@OLD_COLLATION_CONNECTION */;
